<?xml version="1.0" encoding="UTF-8" standalone="no"?>
<!-- Generated 01-dic-2019 1:25:26 by Hibernate Tools 5.4.7.Final --><!DOCTYPE hibernate-mapping PUBLIC "-//Hibernate/Hibernate Mapping DTD 3.0//EN" "http://www.hibernate.org/dtd/hibernate-mapping-3.0.dtd">
<hibernate-mapping auto-import="true" default-access="property" default-cascade="none" default-lazy="true">
    <class catalog="newschema" dynamic-insert="false" dynamic-update="false" mutable="true" name="primero.Empleados" optimistic-lock="version" polymorphism="implicit" select-before-update="false" table="empleados">
        <id name="empNo" type="java.lang.Integer">
            <column name="emp_no"/>
            <generator class="identity"/>
        </id>
        <many-to-one class="primero.Departamentos" embed-xml="true" fetch="select" insert="true" name="departamentos" not-found="exception" optimistic-lock="true" unique="false" update="true">
            <column name="dept_no"/>
        </many-to-one>
        <property generated="never" lazy="false" name="apellido" optimistic-lock="true" type="string" unique="false">
            <column length="10" name="apellido"/>
        </property>
        <property generated="never" lazy="false" name="nombre" optimistic-lock="true" type="string" unique="false">
            <column length="10" name="nombre"/>
        </property>
        <property generated="never" lazy="false" name="oficio" optimistic-lock="true" type="string" unique="false">
            <column length="10" name="oficio"/>
        </property>
        <property generated="never" lazy="false" name="dir" optimistic-lock="true" type="java.lang.Integer" unique="false">
            <column name="dir"/>
        </property>
        <property generated="never" lazy="false" name="fechaAlta" optimistic-lock="true" type="date" unique="false">
            <column length="10" name="fecha_alta"/>
        </property>
        <property generated="never" lazy="false" name="salario" optimistic-lock="true" type="java.lang.Integer" unique="false">
            <column name="salario"/>
        </property>
        <property generated="never" lazy="false" name="comision" optimistic-lock="true" type="java.lang.Integer" unique="false">
            <column name="comision"/>
        </property>
    </class>
</hibernate-mapping>
